fire_id,year,lat_min,lat_max,lon_min,lon_max
fire_21997854,2018,35.48473288167196,36.48496686157953,-120.52120720775297,-119.44350299561998
fire_21890058,2018,41.67236865132005,42.662845818477436,-117.05616098609585,-115.84645817116346
fire_22141426,2018,45.573347542952305,46.57260551797244,-120.47356045803801,-119.35571833095509
fire_21748798,2018,34.17454239648068,35.15575643869954,-112.9777782609147,-111.71970811702788
fire_22257911,2018,39.72798487421021,40.73387631052726,-122.65139020958655,-121.62476492001926
fire_21751315,2018,33.80150798304701,34.72680465613668,-104.48647633236716,-103.02521562029993
fire_21804942,2018,38.92968502959442,39.89839002171343,-111.8324551724506,-110.4903441562671
fire_22141243,2018,37.88871706985114,38.888751411582994,-119.98657793854117,-118.88151862162377
fire_21998023,2018,47.42273642514694,48.42079187779918,-119.79464093498757,-118.6423090177766
fire_21748801,2018,33.22832328218962,34.19028494053832,-109.17365392071561,-107.8328426833053
fire_21889995,2018,44.856803956230166,45.85457922197148,-120.01626052475271,-118.8860910424501
fire_21889719,2018,41.36567317755654,42.3768993064105,-124.04172149527346,-123.03795833198622
fire_21890143,2018,38.82027279971255,39.781955831674146,-110.56814899174057,-109.1908726077609
fire_22141577,2018,40.176030009858835,41.16482588623891,-116.07161498397798,-114.84284073183746
fire_21751303,2018,37.01361848015199,37.96540115964247,-108.60067802894396,-107.19316459878667
fire_22141195,2018,41.34447480279625,42.35655869250296,-124.1399921379294,-123.13812375022998
fire_21890072,2018,41.10107435069037,42.09519968041492,-117.58566518990949,-116.3958095487809
fire_21890078,2018,41.17231233985869,42.16224507087577,-117.52170436346296,-116.32983492976193
fire_21748813,2018,32.95109160236644,33.910005397828456,-108.54011229250624,-107.18747285348272
fire_21889826,2018,33.21675858613876,34.21409916640569,-117.26671500401154,-116.11938030257986
fire_21748783,2018,38.80398675110371,39.8034844355378,-119.97428253305122,-118.86678694115939
fire_21999381,2018,41.63773049388778,42.553739398084005,-106.06219195590076,-104.50666157453179
fire_21889679,2018,42.23432346807345,43.23983123089331,-123.41054057880525,-122.39648271500015
fire_21889750,2018,39.309247170927335,40.30934059684922,-120.04828841412531,-118.94192930826706
fire_21890091,2018,40.732620855817316,41.68261877642756,-109.68678981322952,-108.25845599086925
fire_21890087,2018,40.82964972845724,41.81152917797291,-115.36401311255312,-114.10690494497882
fire_21998152,2018,43.685955679484316,44.67195208301349,-115.79980103059212,-114.53331732317444
fire_21889957,2018,46.18435833472682,47.18386667024508,-120.18815395047997,-119.0615692126941
fire_21889992,2018,44.99642658231202,45.999274533644105,-121.43155712275433,-120.35252939557942
fire_21805022,2018,34.829377469354554,35.76424390182142,-105.49718995620402,-104.04616970430337
fire_22141343,2018,45.99794027971478,46.994012613854096,-119.89735418554146,-118.75492448528045
fire_21999321,2018,47.279113862195565,48.273411718235906,-118.61806188257648,-117.42120060150845
fire_21804985,2018,37.078561192351394,38.00980384721309,-105.88533778933295,-104.40526461355913
fire_21804572,2018,39.827968734589184,40.83086112070194,-122.33536954956973,-121.29810911916155
fire_21804590,2018,36.916927147818065,37.91599168710128,-120.82074985640878,-119.74237319507856
fire_21998230,2018,42.1172266896261,43.11898866614952,-121.26411442841354,-120.18511004381772
fire_22141465,2018,43.84920690281926,44.81682585010123,-112.97260265906462,-111.60935728488204
fire_21889779,2018,37.13030730732894,38.13114611330866,-120.34613482795925,-119.25380908042392
fire_21615469,2018,36.524710569452814,37.43708954746073,-103.85515263214185,-102.33344111008998
fire_22257961,2018,37.69633833486056,38.70110176771439,-122.48246579808044,-121.44895013977474
fire_22141572,2018,40.37435751528323,41.34908097908798,-113.43165875179355,-112.12131316588274
fire_21690102,2018,34.692543818608186,35.65076804197722,-108.79204173520586,-107.4239063038624
fire_21890170,2018,37.1295867564351,38.080871068444154,-109.16880499700724,-107.77406722319012
fire_21804893,2018,41.45077335969448,42.42320078083948,-112.93307520782662,-111.59390474919917
fire_21890065,2018,41.452914665778465,42.44199984049881,-116.6770008011685,-115.45712889851312
fire_21889697,2018,41.899734619013664,42.920152206348256,-124.33064774989629,-123.32776299867297
fire_21751305,2018,36.06706937033728,36.99567911854728,-105.7521286590574,-104.28574589689242
fire_21998119,2018,44.32505686546537,45.32516278765205,-120.8381668295747,-119.73813742702585
fire_21459249,2018,36.91243710549908,37.89260580421532,-113.70490972344444,-112.43886728531332
fire_22141585,2018,39.78938303375326,40.72127274694743,-107.33397242265353,-105.84889410303754
fire_21890010,2018,43.96734358759941,44.95832958365332,-117.44826357555468,-116.23592657719176
fire_21688910,2018,34.10352621906431,35.08009615971982,-111.74599855510552,-110.45610828228372
fire_21804588,2018,37.06289096263477,38.06354537922312,-119.68227834911906,-118.57370097569543
fire_21890109,2018,39.73024947989592,40.67435329378939,-108.87922712204244,-107.44115117702788
fire_21998081,2018,45.64475173766843,46.642025268569206,-119.7003713651474,-118.5522521830956
fire_21890007,2018,44.34549157722226,45.33200225129438,-115.87434667555432,-114.60233207598677
fire_21890013,2018,43.66288389042093,44.62901274189176,-112.66467860922756,-111.29210867483492
fire_21998265,2018,41.327273687825276,42.30263190914346,-113.33698276681535,-112.0111491338246
fire_21998263,2018,41.36718954262889,42.33766983561196,-113.01771309750053,-111.68229553469587
fire_21889763,2018,38.554730823121474,39.558560108431735,-123.53080303716702,-122.51691953297455
fire_22258318,2018,40.59908079978138,41.557582368040364,-110.96369481629038,-109.57400252712763
fire_21889994,2018,44.856676910637404,45.85776321729872,-121.58723261841229,-120.51384088019694
fire_21690071,2018,38.38491663163866,39.29121504280871,-104.20840447145339,-102.65947738058048
fire_21998103,2018,44.62373922026281,45.59865793008937,-114.1669755434454,-112.83077112041502
fire_21889682,2018,42.162183608479246,43.170005912608346,-123.66882805017492,-122.66013931066456
fire_21889990,2018,45.17929165876715,46.18256208226123,-121.4742722219778,-120.39718961197586
fire_21459239,2018,36.9908172718889,37.970075508832366,-113.42239360106251,-112.14703796914596
fire_21997864,2018,33.20243936008792,34.20139921031503,-118.03077872730243,-116.89601477991881
fire_21890208,2018,35.30432835760518,36.24815818913786,-107.5085905960678,-106.098528297717
fire_21890019,2018,43.5031680106588,44.49190826013458,-116.76302279389269,-115.52633786095805
fire_21804883,2018,44.77237528547682,45.77545402390304,-121.12484683062934,-120.03514257272431
fire_21889734,2018,40.20148762305283,41.204538289702214,-123.0939978944118,-122.07563668174832
fire_21998227,2018,42.21917710602658,43.207329596196125,-116.15127561076956,-114.9061925797566
fire_21748766,2018,41.279181518601554,42.2814454312052,-123.02835967807272,-122.01003101169921
fire_21688916,2018,33.137113538529114,34.10433728850169,-110.11498919018419,-108.79668841761656
fire_21998313,2018,39.428939259321766,40.39879947025715,-111.98226078709384,-110.63445417093463
fire_21998255,2018,41.47387775257171,42.43707927664991,-111.74169968245862,-110.36251583443673
fire_21889744,2018,40.125654406158525,41.12895776391723,-121.35543763410217,-120.28531787745062
fire_21804899,2018,40.31181222420974,41.25124804665647,-108.50591599979808,-107.0475452376798
fire_22141509,2018,42.588330829198185,43.54624213188276,-111.10255966097196,-109.68873397814343
fire_21890033,2018,42.56317295592066,43.54673322695917,-115.35115980362015,-114.07650618280668
fire_22141576,2018,40.202613991198646,41.14866913350034,-109.2489322964848,-107.81169823621848
fire_21999251,2018,48.47480636780446,49.46936088548113,-118.64275202999384,-117.44157480256546
fire_21998287,2018,40.308677422405836,41.30095096482579,-117.3938767457077,-116.20392210602247
fire_21890056,2018,41.63723639730512,42.62682244005559,-116.24052568309855,-115.00059380095054
fire_22141327,2018,46.25445371007053,47.252009396853076,-120.02400732737519,-118.88797887744494
fire_21890137,2018,38.944757376961995,39.8836512738009,-107.76264857695202,-106.30541838346225
fire_21999270,2018,48.136330655683466,49.10951985056048,-114.62119901975674,-113.25785503809311
fire_22141356,2018,45.89942152403462,46.886262715288815,-116.69259263251837,-115.43487533616592
fire_21999299,2018,47.796289514115486,48.78337724195774,-116.7461708281897,-115.47423413893652
fire_21997851,2018,35.69729121646047,36.67692572246199,-112.61148430577472,-111.32758131034987
fire_21804961,2018,38.55774513603517,39.49174826729432,-106.75777303506135,-105.27722725449934
fire_21997844,2018,37.09536355365725,38.09353353072345,-119.75678538610006,-118.65308832840857
fire_22141596,2018,39.45790378722054,40.42857599131532,-112.21656836188534,-110.88004183879856
fire_22343689,2018,33.712133465910746,34.70959702833837,-119.4973755332334,-118.39613261031617
fire_21804884,2018,44.55566223718935,45.559752831402065,-121.54259935369546,-120.46936513636518
fire_21889683,2018,41.999885436813095,43.015111240459106,-124.12444905653746,-123.12118292427847
fire_21998291,2018,40.12392399157147,41.11416059785118,-116.69239982968529,-115.48262817589529
fire_21804975,2018,38.21570049934438,39.18967389302224,-112.54968131441467,-111.23292923414523
fire_21458848,2018,34.616800853242154,35.594199593997075,-112.33058419250152,-111.04905496795408
fire_21804877,2018,46.46373127782363,47.464229062596246,-120.5987139809595,-119.48357105418751
fire_21890069,2018,41.1283538354091,42.1104023209019,-114.66447023162645,-113.3853879855623
fire_21890100,2018,40.266098322771775,41.26036428783696,-118.08934720484561,-116.92381569387416
fire_21890103,2018,40.17708088111594,41.1640454275946,-115.1918043262359,-113.93686581630799
fire_22141566,2018,40.787919970008176,41.77906490739014,-116.55425015039353,-115.33290361307185
fire_21890160,2018,38.01726093532714,38.96973658217859,-109.35248621583847,-107.95063180075894
fire_21890515,2018,48.497679671247255,49.48170787685052,-116.54826433309415,-115.25827082405834
fire_21804589,2018,36.94028662372003,37.921469960399875,-114.02043859422324,-112.76192551839091
fire_21998299,2018,39.62117170610937,40.60882917534056,-115.45568135734912,-114.2120482092666
fire_21890024,2018,43.04748573806652,44.0280683654608,-114.7019202308409,-113.40058653074875
fire_21999351,2018,44.66344889838904,45.62685213856874,-112.57164200553774,-111.1794502252642
fire_21617464,2018,39.37687325936514,40.28069026030802,-104.21979481558131,-102.65434597890632
fire_22258421,2018,39.831923794922574,40.76455633036513,-107.3501958068212,-105.86834788071887
fire_21998097,2018,44.71778823839319,45.70579585539542,-117.00272734152338,-115.76527469467486
fire_21804895,2018,40.576597503111536,41.50370368731567,-106.84297425459404,-105.32896803082795
fire_21890524,2018,47.86189468780417,48.86321184065595,-121.00616072594482,-119.90303116183807
fire_21804577,2018,38.576192627060856,39.57932968997197,-123.06601156936598,-122.04956736285531
fire_21889754,2018,38.77866816863769,39.783541400888936,-123.26910827197898,-122.25259019019202
fire_21458798,2018,36.32843547286796,37.33101905853559,-120.7996651487342,-119.72551593593097
fire_21458806,2018,36.13462902810397,37.13665956130389,-120.73842060120548,-119.66217544337327
fire_22141528,2018,42.239949661209934,43.19918549391627,-111.35065274152076,-109.95018745064057
fire_22343688,2018,33.616544893922054,34.61600415056167,-119.34774753771433,-118.24606314571098
fire_21998264,2018,41.22951589864809,42.21779725657857,-116.60477196201768,-115.38414851688094
fire_21889798,2018,37.067437400744325,38.06514587337918,-119.72424433194311,-118.61632375575138
fire_21998100,2018,44.6765937637414,45.67678057259423,-120.52705485749155,-119.41920694367953
fire_22343661,2018,39.24857619908264,40.25270698856572,-122.09750611282941,-121.05254601552082
fire_22141567,2018,40.5734759259464,41.50332689193556,-107.31968469160172,-105.82100796479297
fire_21615465,2018,37.36518221079458,38.26500906729816,-103.08411961150904,-101.52798542575118
fire_21890009,2018,44.16196760798984,45.153325010407414,-116.96104550178195,-115.73092283487642
fire_21890111,2018,39.73233108881554,40.66445266671177,-107.33418239785127,-105.85068039948561
fire_21459234,2018,38.035089678244844,39.0101656180568,-112.56291635675501,-111.25453235653804
fire_21889943,2018,47.3123171070756,48.310472138084826,-121.03189314011472,-119.92653724335413
fire_21804582,2018,38.16007076299706,39.16312095708931,-122.67610761017487,-121.64718960065628
fire_21997828,2018,37.87756132165987,38.87821622399454,-120.36642513582763,-119.27102676325292
fire_21998187,2018,42.9862206993746,43.96984475834423,-115.62499087248688,-114.35402269157234
fire_21998095,2018,44.72246852378788,45.72389977586837,-120.97020106917054,-119.87402075866679
fire_21459253,2018,35.06609852009108,36.01571058373406,-107.99390208100343,-106.59779717390505
fire_21458801,2018,36.237557337250934,37.21657948892324,-112.86777426631011,-111.58429405766452
fire_22141554,2018,41.733388196549235,42.70973799062668,-114.09976642648923,-112.79394897479195
fire_21890106,2018,40.041550076302144,41.01938243598175,-113.6059670801942,-112.30544645521015
fire_22141445,2018,45.19016539368404,46.190471011642636,-120.25189003408335,-119.12836585284384
fire_21889986,2018,45.45209968818492,46.44803508730326,-119.57734996994233,-118.42648469603616
fire_22141571,2018,40.48577425907673,41.43717498895273,-109.7630309083407,-108.33775289464806
fire_21889997,2018,44.77026019233732,45.757842837739524,-116.97358540566232,-115.73440008791088
fire_22141461,2018,44.078924376553736,45.066228348589306,-115.92999410398716,-114.66067205121223
fire_21999273,2018,48.13766904345409,49.13343358166464,-118.74199910618641,-117.54622070199585
fire_21998143,2018,44.21182301272228,45.21609481154045,-121.8890761860741,-120.8285333314019
fire_21538827,2018,36.90961100235249,37.909435098725375,-118.98633002719511,-117.85837717172508
fire_21889717,2018,41.461585370785976,42.46386986047563,-123.03292937040852,-122.01628419679578
fire_21997775,2018,40.492027022070296,41.49656587274379,-122.89527269137004,-121.86932515271609
fire_21890098,2018,40.39054302339816,41.38173297047703,-116.27465735502948,-115.04853617467019
fire_21458836,2018,35.12292058552421,36.12595532070275,-119.79582720835836,-118.69770316411558
fire_21804980,2018,37.63780439022315,38.617899523138014,-113.55094223420656,-112.27204556477005
fire_21693353,2018,47.21687141756393,48.17095443760525,-111.52505891635234,-110.05646466640547
fire_21997770,2018,40.92206997425015,41.923645870128745,-121.54516195922376,-120.477974719846
fire_21999260,2018,48.20401884807221,49.20410465382902,-120.89196531144566,-119.78394231359633
fire_21890054,2018,41.85642964491119,42.84385840784806,-116.06841175523203,-114.82571844453804
fire_22258087,2018,45.70210008481842,46.69113245663902,-116.84980951699323,-115.59971895211285
fire_21889808,2018,36.75639498460927,37.7513833237393,-116.83315987037663,-115.65061047159344
fire_21890115,2018,39.643960356116516,40.610617218559234,-111.56450559728461,-110.20612941077904
fire_22343666,2018,39.22707784787197,40.23108739675095,-122.44099819574168,-121.40578283075932
fire_21890134,2018,39.20580560473381,40.15696647097447,-109.43190396094414,-108.01393332466758
fire_21459242,2018,36.943349618845346,37.92160675270233,-113.33610000376041,-112.06079132464785
fire_21690073,2018,38.092131223571435,39.01234081017,-105.3183769892072,-103.8056896684313
fire_21890101,2018,40.24971526724838,41.2362911585344,-115.68094934265632,-114.43617822799203
fire_22257882,2018,42.029646905307864,43.04797435957309,-124.47831357269138,-123.47117702178252
fire_21889672,2018,42.302402800574455,43.30613944569869,-123.21534893063381,-122.19700560725697
fire_21890643,2018,43.66791601198541,44.601035200463215,-108.49501775952105,-106.97890832890464
fire_21889953,2018,46.356337735117904,47.353843721580695,-120.62779769080419,-119.51575063458006
fire_21889947,2018,47.029321057422806,48.029254929241276,-120.86958243964789,-119.76220384889066
fire_21690064,2018,42.234621181381016,43.236868273611535,-122.68338223795675,-121.65293475775017
fire_21999354,2018,44.51670492497243,45.483003177592565,-112.51794205724808,-111.1283856165219
fire_21890003,2018,44.36642276352555,45.34538978826578,-114.87892069504139,-113.57096738914242
fire_21890063,2018,41.500199514116616,42.48988578831266,-116.99116599420066,-115.77966057544005
fire_21998157,2018,43.57539953144512,44.58122353378663,-122.73217714808737,-121.7025650709623
fire_22141683,2018,33.10170627140368,34.04256434992903,-105.85468310234636,-104.43632385043142
fire_23410601,2019,37.105967883790356,38.104809817607794,-120.46934441970845,-119.38341150799354
fire_23160475,2019,47.471030269446985,48.46750184419303,-119.06999611616979,-117.8922459774446
fire_23300712,2019,36.52176357383407,37.521025432600204,-118.90603689910836,-117.77923836224441
fire_23036877,2019,41.76628115251903,42.75278744330829,-116.25398254653953,-115.01635996957016
fire_23301101,2019,37.97156581273365,38.903833065014474,-106.73482163052132,-105.26632958496839
fire_22939556,2019,46.353270850341715,47.35097843891565,-120.33547431245546,-119.21301497321757
fire_23036804,2019,46.27729600224396,47.279012306139755,-120.40730729724773,-119.28263090449673
fire_23300886,2019,45.769604798385544,46.759656841025816,-117.1703777646369,-115.93420560264046
fire_23301395,2019,43.91059260686746,44.86121488894813,-110.57238047592296,-109.12243835057059
fire_23036871,2019,43.14609363355541,44.117774164204505,-113.42582897799427,-112.08357433169759
fire_23036806,2019,45.97327567380708,46.97008482857819,-120.25211286590765,-119.1266201656577
fire_23159842,2019,41.420878725396626,42.39722771607237,-113.60971217765689,-112.29472615854434
fire_23036523,2019,41.32303167421087,42.32651065265489,-121.7468701894863,-120.68493316715636
fire_23300665,2019,41.26696689999925,42.26880497294979,-121.57334581946097,-120.50972092515124
fire_23300689,2019,38.781958125276674,39.785906615619865,-122.06024491692436,-121.0176065357921
fire_23159633,2019,35.85514589576332,36.832192456940284,-112.92130701590455,-111.642437248655
fire_23159847,2019,41.29763043198195,42.27353998065576,-113.58732720202855,-112.27052603304821
fire_22710141,2019,42.35818967710721,43.358055280755124,-119.53183600090834,-118.39725193843587
fire_23036575,2019,32.64723421445587,33.6168266938197,-110.39669616480647,-109.09069889452952
fire_23037424,2019,46.95923322991415,47.93558120799983,-115.0201067904732,-113.68867979737911
fire_23036803,2019,46.31400081032013,47.312901216112806,-121.06799329825779,-119.97497131052242
fire_23159821,2019,43.76916589649605,44.76583733981421,-119.00402152455435,-117.84593639866847
fire_23037431,2019,46.28382084304692,47.24741774008515,-112.64002361386841,-111.23043510618857
fire_22863125,2019,35.312592946372256,36.31402294547333,-121.32247273815388,-120.2655142411527
fire_22938749,2019,33.00587578184069,33.982747808753096,-111.82154312243004,-110.54576311142884
fire_23301095,2019,38.399268355841436,39.37334625761421,-112.98944277426219,-111.68745214263598
fire_23301037,2019,42.14564526128754,43.14567483560977,-120.15152533503488,-119.03571362375463
fire_23410617,2019,33.82083838555545,34.82045454404161,-119.06780238821493,-117.95583846513856
fire_23301386,2019,47.11887858886168,48.07569994041418,-112.07127126989258,-110.62609256752687
fire_22863172,2019,33.995019350544155,34.971800750188414,-111.9540517660117,-110.67261460498797
fire_23036542,2019,35.6729093989452,36.66039774297598,-114.85533870920453,-113.6268855506848
fire_23159647,2019,34.27106257710337,35.252486758966505,-113.50922005148496,-112.25925706604438
fire_23301106,2019,37.56782516835346,38.54763229414498,-113.7714764122978,-112.49698273470338
fire_23159637,2019,34.900428104598795,35.87872837768091,-112.65271860963863,-111.3772842092851
fire_23036564,2019,32.92029575266642,33.89119348520354,-110.94948172161538,-109.65538434961523
fire_22939600,2019,33.16326801651668,34.106106849498886,-105.96090520369056,-104.54565690246496
fire_23572745,2019,43.83931636718073,44.86094582338208,-124.50359696929242,-123.49996387789872
fire_23493986,2019,41.14200681707741,42.10748025211769,-112.03565170058963,-110.67366882864802
fire_23300669,2019,39.588408478315536,40.58952671821665,-121.12804713274433,-120.0502882996189
fire_23037423,2019,47.02035951951949,47.95020794998054,-109.03624366372999,-107.48142458186705
fire_23410594,2019,38.180482696258125,39.18551304604813,-123.27117507704436,-122.25896483612674
fire_23159787,2019,44.84521362585002,45.82374064913902,-115.11041804850299,-113.80373731695424
fire_23159862,2019,39.58746462410379,40.55913633102635,-112.487936543208,-111.16082280175229
fire_23160511,2019,41.87132474729337,42.79989805623128,-107.58361079529352,-106.0682786716438
fire_23159855,2019,40.30397239328431,41.287111284478556,-115.17271551637059,-113.9152414820414
fire_23300741,2019,33.4874424084022,34.46424455402362,-112.60110052260748,-111.33636969685416
fire_23410616,2019,33.95522598154816,34.95337968078223,-118.93997559813629,-117.82464147573545
fire_23160488,2019,47.15930205163174,48.09027317400483,-108.92968995922475,-107.36742789739905
fire_23159792,2019,44.68575274866952,45.67679391877975,-118.01868082302599,-116.81888333092813
fire_23301046,2019,41.968912095356586,42.964114070813444,-117.44925145675145,-116.24806099674788
fire_23159836,2019,42.17758462256337,43.165584640336895,-116.13309933706856,-114.88869140312036
fire_23036565,2019,32.92137665774771,33.89297274977824,-110.7903560090862,-109.49051263030185
fire_23159841,2019,41.45969127968129,42.43966560425441,-114.81471647675431,-113.53055611787605
fire_23300861,2019,45.82693254709,46.8165893019846,-117.16920436816426,-115.92671347333172
fire_23159860,2019,39.8210198612713,40.81136015908635,-116.17321766437856,-114.94873819573398
fire_23410619,2019,33.813093785893656,34.81485753481729,-119.60258585052316,-118.50085826821284
fire_23410720,2019,46.12152709712564,47.116424484409016,-119.50210647719126,-118.3446842292843
fire_23159838,2019,42.01493044571707,43.00037250653296,-115.95610475803096,-114.7037105168475
fire_23493978,2019,42.286169515753095,43.25209256092701,-111.94593024205814,-110.56618604617405
fire_23159853,2019,40.9594944770188,41.935463803054596,-113.78275386892591,-112.47706705375754
fire_23300668,2019,39.65403290865523,40.65795828819056,-123.18067595069226,-122.16307105740812
fire_23036522,2019,42.360679414943256,43.36952606002917,-123.78932786862248,-122.77937060002584
fire_23300839,2019,45.883651777812666,46.87229118031263,-117.09074849055203,-115.8455097400708
fire_23036860,2019,44.04085051986938,45.02434508108799,-115.64910482699683,-114.37166466263629
fire_22938746,2019,33.4057969816345,34.38297261304078,-112.35454261790801,-111.0887167443164
fire_23300744,2019,33.05210239626575,34.04890203619481,-117.82270678131248,-116.68402766618259
fire_23493973,2019,43.085606673403106,44.10208372851469,-124.28692502954318,-123.28268342663112
fire_23300699,2019,38.20552000383221,39.206212598826454,-120.69722311788645,-119.61407217078536
fire_23036559,2019,33.79144904433192,34.77111732665431,-113.06338143620427,-111.80963082621678
fire_23159642,2019,34.522945666787315,35.500263765588215,-112.52546792054135,-111.25209481562491
fire_23410607,2019,34.6020541858786,35.58145030445876,-112.7024757499139,-111.42922090875818
fire_23159657,2019,33.23211334307399,34.20756997571843,-112.21200379221519,-110.94419719441854
fire_23493983,2019,41.33044045504879,42.29685294625795,-112.13786733045265,-110.7724292489308
fire_23159789,2019,44.76861893554701,45.757021303596375,-116.51409949653146,-115.26184477039428
fire_24462263,2020,44.60854623046995,45.61086239434229,-122.73692539648312,-121.70788937529679
fire_24461785,2020,33.42722437159753,34.40502665296048,-112.4079928936606,-111.14223083931847
fire_24191373,2020,36.837783141924696,37.824235610642525,-115.39118906833205,-114.16840924708639
fire_24332922,2020,44.75333950642262,45.738100887686635,-116.02785840685662,-114.75338323125875
fire_23756984,2020,39.12645201028418,40.132216211040834,-122.62834434068354,-121.59735688187595
fire_24191357,2020,40.56123306062059,41.56421169428923,-121.34039340444062,-120.26716530424129
fire_24695532,2020,37.677333600526524,38.67537009424154,-118.2823504036245,-117.13206463971146
fire_24461623,2020,36.80747531521879,37.80679775635772,-119.85722721044769,-118.75512431902011
fire_24461899,2020,47.54227090049098,48.540477339238414,-120.10133448721089,-118.96236150710331
fire_24332954,2020,43.52849610907425,44.52767207136909,-121.03853950775414,-119.95290027096273
fire_24461789,2020,33.041013225190774,34.00626752229077,-109.74768593622018,-108.42399490280852
fire_24104640,2020,36.8124950641461,37.76691452345271,-108.9019055777029,-107.50671958573841
fire_24333267,2020,46.28667236081818,47.20649118335223,-107.81795114709315,-106.2288109930849
fire_24332591,2020,40.70482749515198,41.71824469693384,-123.89374368272428,-122.88879800170193
fire_24104658,2020,35.29000019178105,36.214447296110265,-104.74164394233142,-103.26076811408406
fire_24191728,2020,43.23583816899848,44.21138302008587,-113.69316617956325,-112.35700829103442
fire_24333259,2020,47.66013597672457,48.62849474963223,-113.83321329736775,-112.44902325162911
fire_24463206,2020,45.5150926172503,46.43609953806953,-108.0125227127872,-106.44420863542263
fire_24332933,2020,44.28457259246119,45.287532003989284,-122.09919790648044,-121.04577843834674
fire_24461930,2020,47.410067628286804,48.4127560288146,-120.5062954988445,-119.38309017602883
fire_24025601,2020,35.31597285766516,36.31730428277285,-121.32240292632436,-120.26122341695817
fire_24191364,2020,38.3618477040581,39.363153588724394,-120.12581751812354,-119.02343372755938
fire_24191423,2020,33.062595270462865,34.037432935471585,-111.03336138909815,-109.73668105555409
fire_24103572,2020,33.46552845138569,34.4468463621569,-112.65988662394315,-111.39960820285717
fire_24104654,2020,35.404057820609495,36.36686125639605,-109.97514022224296,-108.62806287965599
fire_24027563,2020,46.09877962397763,47.09612025736427,-120.00814174528713,-118.87036126626761
fire_24695430,2020,38.83373200436512,39.835632984587285,-122.20646027257277,-121.1651733445314
fire_24695758,2020,43.344273956995025,44.340144527636525,-119.21708793603156,-118.06692347776311
fire_24461618,2020,37.33542562193751,38.33755797920891,-120.15695523194896,-119.05877550169762
fire_24332676,2020,39.20128439879391,40.20444552654403,-120.64767689274248,-119.56046279366738
fire_24332622,2020,39.82347712869651,40.822503952929125,-121.25312725718432,-120.18225915939084
fire_24333277,2020,45.38969815783045,46.302933317797475,-106.9194108547618,-105.31820177821768
fire_24333285,2020,45.210752888492436,46.12303290999165,-107.0143070311823,-105.42155601100782
fire_24461780,2020,33.593216872626826,34.589390748439506,-117.52826479894493,-116.37805209783123
fire_23757491,2020,42.09888531262226,43.096742041951224,-119.3374471970982,-118.20038661250435
fire_24462127,2020,45.90021948042974,46.8872347637021,-116.70700757392912,-115.44951334609779
fire_24332628,2020,39.40989640373144,40.4131612551327,-123.48060103210283,-122.47108320566159
fire_24462088,2020,46.06283846264599,47.06044151712821,-119.14700841403064,-117.97911558951311
fire_24332702,2020,38.11541500120072,39.11926157380352,-123.523329707066,-122.5112579362984
fire_24191377,2020,36.70558778006683,37.689212658623916,-114.16938631082951,-112.91715079494382
fire_24463187,2020,46.863550206697695,47.77904993526713,-107.63238117093326,-106.02488829747452
fire_24191427,2020,32.95244687149431,33.92543891922088,-110.90131641617128,-109.60175103115533
fire_24332991,2020,41.58826783935034,42.56294076572747,-113.5134017780509,-112.19310845717419
fire_24191347,2020,41.23068603791748,42.23308331913091,-121.97235617712718,-120.92011258774599
fire_24332808,2020,32.945642280731455,33.92275696845287,-112.0482147949936,-110.77988211552157
fire_24604456,2020,33.749200914924494,34.72869129659184,-113.04012714191272,-111.7869435917668
fire_24332801,2020,33.03859901529374,34.01385149067087,-111.27157272912113,-109.98174793078122
fire_24191375,2020,36.810820798167974,37.7972181601149,-115.1338797267819,-113.90411242119445
fire_24463172,2020,47.67058767281984,48.664876178173934,-118.89012894457605,-117.70412317339168
fire_24332956,2020,43.42023843197861,44.417961446827576,-118.51758831003652,-117.34443196127255
fire_24332800,2020,33.172098262529026,34.14725599513733,-111.51287637973604,-110.22695515622452
fire_24333279,2020,45.20519930425531,46.126224456929606,-107.79495124429225,-106.22850853563848
fire_24463162,2020,47.826769908782836,48.823510266318394,-118.82266535021995,-117.63115031127809
fire_24191743,2020,40.06810355545132,41.05721544898677,-116.35933026531073,-115.13702380058014
fire_24027570,2020,40.34371343924089,41.317610428963555,-113.14967930214162,-111.83156602806011
fire_23654679,2020,33.077694269390854,34.042836289489074,-109.32087043098969,-107.98815346268182
fire_24332815,2020,32.62813957859664,33.60320805418424,-111.18747686178911,-109.90080308409415
fire_24461996,2020,47.11670663625129,48.10995752718519,-119.07147933284583,-117.89763002416049
fire_24191943,2020,46.810250300158295,47.79137126616474,-115.11116862732001,-113.78489058817873
fire_24332600,2020,40.67005999467445,41.68114356646297,-124.01307157821302,-123.0105130643917
fire_24695566,2020,36.90171975084866,37.899383407392754,-119.71872762133435,-118.60914380995911
fire_24332763,2020,35.70693983247265,36.70535926331599,-119.08902117824705,-117.96928973195935
fire_24104636,2020,38.14595227388488,39.12546400448953,-113.79660607398633,-112.51881520872163
fire_24462233,2020,45.265944402847246,46.25006377043197,-115.74994963295548,-114.46228001139119
fire_24332949,2020,43.960382332292674,44.963332373889,-122.09008834144754,-121.03780084996055
fire_24462488,2020,43.64661944013597,44.65138716168653,-122.9829506918101,-121.96111605980683
fire_24332885,2020,46.17890590567068,47.1806308137321,-120.69860790174062,-119.59146174740378
fire_24462867,2020,40.15513353096571,41.085714064120296,-107.50198944234133,-106.01355478162722
fire_24332761,2020,35.91645268439732,36.918788233059665,-122.17011719837907,-121.1279832759362
fire_24332732,2020,36.841049130465514,37.8411418055847,-121.95415483996341,-120.90888325493242
fire_24103557,2020,36.277844542529955,37.25342974288217,-112.86667107718884,-111.58286774401915
fire_24461607,2020,38.0354555003281,39.03853790620746,-123.04843026507085,-122.03085798324148
fire_24103561,2020,35.47733490883657,36.47998995493989,-121.81504439515186,-120.77027373561444
fire_24462306,2020,44.501922419766835,45.519478653437524,-124.4356195349507,-123.42893811170157
fire_24332731,2020,37.284960374769,38.28704234416667,-120.8017179292556,-119.72155297709924
fire_23947000,2020,35.45076189744771,36.3759400242937,-105.13537697624832,-103.66261797760507
fire_24027566,2020,41.060085168934236,42.038936607011244,-113.98691674622567,-112.6859913619464
fire_24462764,2020,42.135674221894234,43.138823141187586,-122.42522898669796,-121.38303764565286
fire_24027580,2020,36.96652376306842,37.88067806612185,-104.18928101689832,-102.666792163322
fire_24333033,2020,39.123642790756264,40.06435913869142,-107.92146680199149,-106.46104913163873
fire_24461347,2020,41.41869285964505,42.423864625498936,-123.73742897002533,-122.7280156760049
fire_24332784,2020,34.524990681768685,35.509223474773535,-114.48097129325889,-113.25325171026878
fire_24462788,2020,41.734008896352584,42.71437010458171,-114.82928826715121,-113.5479868260129
fire_24695497,2020,38.0570345440446,39.056816140069884,-119.96259058940305,-118.85876112143498
fire_24191389,2020,35.80877072972248,36.79012051546095,-113.2122915736444,-111.94138886859484
fire_24191760,2020,36.49935418350716,37.47550182338882,-112.70419870056644,-111.41369128604299
fire_24191363,2020,39.3474003984996,40.34584682183811,-120.52529913189312,-119.43409936926052
fire_24332760,2020,35.97663618397446,36.981553028940155,-122.07798107133358,-121.03797442669607
fire_24461771,2020,33.83137364539191,34.828057216780905,-118.48837938160986,-117.3616380995613
fire_24695413,2020,39.31193709223591,40.316701621465164,-122.52731948371947,-121.49203786666834
fire_24191673,2020,47.281667581097565,48.28265955430872,-120.34869004635547,-119.220392879741
fire_24332798,2020,33.329884284911905,34.30504193454206,-111.33604217079244,-110.0411655920857
fire_24191395,2020,35.51255891595141,36.50939438453017,-118.03258397644835,-116.88633396861277
fire_24332776,2020,35.28069529714622,36.266186473202524,-114.40197515027725,-113.16742802724286
fire_24103560,2020,35.84343486214673,36.83450410575074,-116.17963952202044,-114.98464262237403
fire_24332995,2020,40.519083175071096,41.47069655964308,-109.96362694391594,-108.54483629922954
fire_24604463,2020,33.2214888438722,34.21962906449593,-118.25875888091454,-117.13035208776296
fire_24332939,2020,44.30449428040405,45.306090098501734,-122.65836270870217,-121.6239460966078
fire_24332925,2020,44.39560175325186,45.372393562731546,-114.05569840772992,-112.7185336898044
fire_24695557,2020,37.035416472324776,38.03734279001141,-119.78884235731248,-118.68631104709868
fire_24104628,2020,39.09833421986678,40.06923472296726,-112.85572232996809,-111.5409489809643
fire_24462610,2020,42.86573575632938,43.86803311319287,-123.44224407810182,-122.42751647717704
fire_24463190,2020,46.65395806591752,47.59858170913445,-110.55176455870655,-109.06009788312797
fire_24695627,2020,33.240329356882455,34.23805689952698,-118.22156262838396,-117.0924910269595
fire_24695584,2020,36.74177644903437,37.74059777318667,-119.80113000604328,-118.69936865821104
fire_24332872,2020,47.03524834627337,48.03177125278295,-119.36379116097856,-118.19724103059524
fire_24604783,2020,39.74270336735334,40.66984452309057,-106.71865335840184,-105.21864952079021
fire_24333006,2020,40.153996427210465,41.07732073262388,-106.59183654792668,-105.07894920044508
fire_24332969,2020,42.98215935078319,43.96704808817193,-115.4599953797535,-114.1862037151386
fire_24462753,2020,42.11464054393465,43.11478817908938,-121.1008912114212,-120.01938053409684
fire_24104644,2020,36.582753950524825,37.497067297862515,-104.1252161204299,-102.60867448398132
fire_24462033,2020,46.4212620613217,47.41189474771962,-118.0284906332136,-116.81686619200508
fire_24103581,2020,33.011678152231084,33.982846862807,-110.9925904637908,-109.69708402772909
fire_24191418,2020,33.52439222954392,34.523137226214274,-117.42377853506673,-116.27734644613801
fire_24191419,2020,33.550289038037384,34.52500165137886,-111.97559660334494,-110.6993301697836
fire_24462847,2020,40.261135764811925,41.18451639718153,-106.4293715904277,-104.91090626017463
fire_24463227,2020,41.36081648999634,42.285753917680694,-107.32368521145732,-105.81184195474498
fire_24461965,2020,47.20843185429839,48.208267468564515,-120.2483468197795,-119.11480604133077
fire_23757522,2020,39.89231418577374,40.81384098648012,-106.1159395930932,-104.59568201912496
fire_24333039,2020,38.95486093144403,39.90674486060007,-109.24411163589257,-107.82558044483659
fire_24604435,2020,36.9512895727951,37.95202323980249,-119.678710445226,-118.57188370397007
fire_24332880,2020,46.33952852383065,47.33957104408483,-121.1840447990945,-120.0925979530899
fire_24332796,2020,33.48467324760288,34.459860067992345,-111.80770660425418,-110.52278204448973
fire_24463211,2020,45.25502830866396,46.2129084298399,-111.63564354608678,-110.2055288523514
fire_24332647,2020,39.22481119482972,40.22527502262559,-121.72420184615062,-120.66550073101023
fire_24332923,2020,44.64446281667102,45.64573860597238,-121.94232448160218,-120.87936067570578
fire_24104857,2020,43.48197810848584,44.40182921011517,-107.1049127466228,-105.54676609549564
fire_24604676,2020,44.174367864750586,45.144822114249976,-113.615826296434,-112.26855907093716
fire_24191372,2020,36.90341631907648,37.890852932116175,-115.20829176612013,-113.98179672187864
fire_24695442,2020,38.72498547330574,39.72945759116946,-122.12138625605358,-121.07610617585713
fire_24191393,2020,35.67765193408148,36.680030043995636,-121.09112591465608,-120.02604414328054
fire_24695447,2020,38.681186240331776,39.68254028559465,-122.13916718902205,-121.09927191371975
fire_24103584,2020,32.92852328346631,33.92443965874043,-118.022157937495,-116.89162472772536
fire_24462604,2020,43.02937613569767,44.01177258880252,-115.77161230325154,-114.50689260901832
fire_24332783,2020,34.79395979427095,35.78639258626254,-116.17355443106132,-114.98847873861027
fire_24463188,2020,46.742995536860604,47.73715079132708,-118.05293133874177,-116.83836246106303
fire_24332746,2020,36.64253528119368,37.64318463918813,-122.7413048658452,-121.7177366589852
fire_24191376,2020,36.68796653323558,37.67559222990885,-115.21347204165372,-113.98693565404456
fire_24104631,2020,38.979332087481836,39.95420019955574,-112.88153625622449,-111.56918233936725
fire_24333270,2020,45.8453087902126,46.78088379535784,-109.1310966200337,-107.59738077731375
fire_24604426,2020,39.27585616361086,40.2773168634706,-120.49739209626553,-119.40242948158668
fire_24462243,2020,44.841729026033825,45.839492399102745,-119.71336781365544,-118.57329482828837
fire_24103582,2020,32.95573680149837,33.924154697768095,-109.9512173006268,-108.6307665312026
fire_24332779,2020,34.955236142551755,35.95369162657857,-119.0389370247601,-117.92197748117833
fire_24695963,2020,37.1669465954299,38.144313900574744,-113.31163586668322,-112.0314668179413
fire_24333000,2020,40.102571614757856,41.06701026995718,-111.27217769040735,-109.89856544685934
fire_24332791,2020,33.695321348715126,34.69529600740789,-118.46318548760775,-117.33798754999049
fire_24462335,2020,44.240128253840105,45.23341461779368,-117.36624588493721,-116.15066421803924
fire_24025610,2020,32.89491476250915,33.87026356027905,-111.93117498269248,-110.65884885024404
fire_24332592,2020,40.592582239620235,41.59490654224839,-120.62174964903258,-119.52806657923016
fire_24191402,2020,34.80825809961382,35.80531144233523,-119.19757098996394,-118.08899693281654
fire_24191933,2020,47.6567451017404,48.65587998024077,-119.60051683920716,-118.43866263788821
fire_24332989,2020,41.774748817546815,42.76316624482504,-115.89241252191059,-114.64406344912308
fire_24332793,2020,33.5476719677219,34.53265110029835,-113.16796891672793,-111.9191718115758
fire_24333287,2020,44.4476693074007,45.36570278262497,-107.27650115700492,-105.70359080013237
fire_24191741,2020,40.45340915845049,41.43632856218686,-114.94332869048596,-113.67468714917759
fire_24604754,2020,40.072857916099544,40.99573401248815,-106.2011509428307,-104.6807398349686
fire_24332704,2020,38.02356817045894,39.02149961158028,-120.1091939970657,-119.00803571903877
fire_24332787,2020,34.17693471168318,35.17669585597052,-119.10825343593744,-117.99556826668216
fire_24462912,2020,39.41097511151996,40.38196079741377,-112.43663305520033,-111.10868207710158
fire_24025599,2020,36.07056097795526,37.05573912253039,-114.46972995115739,-113.22930038924729
fire_24191756,2020,37.48201073339762,38.46763167331759,-114.64902019822127,-113.39979545442283
fire_24462212,2020,45.455394473590566,46.45608367595251,-122.58433761776378,-121.54642149829459
fire_24103545,2020,39.08848366169758,40.08924459573133,-120.42599776372504,-119.32881287186234
fire_24191384,2020,36.51329496650959,37.517024651114646,-121.97114596005173,-120.92645055193603
fire_24333012,2020,40.177949789291496,41.10100645142491,-106.38893533873646,-104.87247145217155
fire_24604731,2020,40.07680969496893,40.99866138344849,-106.18267464741052,-104.65773991255217
fire_24332785,2020,34.29759046826248,35.28030516740715,-113.85497682905955,-112.61228943602885
fire_24462691,2020,42.7039257714523,43.7056972850561,-122.63979873108758,-121.60989963331419
fire_24695756,2020,43.358860606213284,44.35625461472687,-119.04960252673764,-117.89618278803958
fire_24462819,2020,40.633800344100656,41.56124775631654,-107.03170928044247,-105.5231641354158
fire_24191360,2020,39.91926559468553,40.922496297894455,-121.33406062822333,-120.26707194548415
fire_24333026,2020,39.36632035038821,40.29506824288876,-106.761298223606,-105.2679685309033
fire_24333293,2020,41.202230901303345,42.09841307336552,-104.24766569717794,-102.64843902852573
fire_24025605,2020,33.69784683916464,34.67958118506267,-112.74443422421139,-111.48060160242075
fire_24604777,2020,39.856634671518044,40.824572500725765,-112.30227400593598,-110.96230817648079
fire_24104674,2020,33.10160758597334,34.05560567107602,-108.09845713291921,-106.7311466105914
fire_24332728,2020,37.43381380662712,38.43277177691338,-119.53885194142617,-118.4266942965682
fire_24103590,2020,32.87492615652112,33.873322848899775,-117.94911875956467,-116.81436515496888
fire_24332894,2020,46.01797038300013,47.02076228382163,-121.12677888051094,-120.03100615818951
fire_24695970,2020,37.0072554799617,37.98440921020688,-113.29434904079179,-112.0130925233908
fire_24332934,2020,44.305131787440956,45.291465449997574,-116.09548825115179,-114.83315889965066
fire_24191680,2020,46.29352967073008,47.29202558196832,-120.09979402661997,-118.96920363084995
fire_24461328,2020,41.436955418960686,42.44782794119681,-124.00246334729145,-122.99695990994687
fire_24604848,2020,35.758593316566284,36.69085463394508,-106.08299208405496,-104.62755428090324
fire_24604462,2020,33.41071771939935,34.40880083655772,-118.26056293095903,-117.133414426808
fire_24332764,2020,35.57353983502405,36.574364619282484,-121.98330145770527,-120.94356361612193
fire_24103571,2020,33.27034755037576,34.24582594716799,-111.99935705895561,-110.7245769654695
fire_24333255,2020,48.35962796150122,49.358034961991166,-120.13116941800625,-118.9887261660458
fire_24332608,2020,40.60007881114858,41.61015854690291,-123.89677915153739,-122.88898381755921
fire_24332768,2020,35.56863273654026,36.563665964684354,-118.16551963109966,-117.02429999900535
fire_24461421,2020,39.93454683334015,40.93795191307013,-123.12435459103109,-122.11054577833258
fire_24191411,2020,33.96727710788833,34.94716825527085,-112.63116307976819,-111.3652930594874
fire_24604832,2020,39.69288157778795,40.61403529277585,-106.08359262863438,-104.56452617357817
fire_24461320,2020,42.028859702670545,43.03251465077957,-123.20083303109041,-122.18216968827771
fire_24332619,2020,40.35893588273752,41.35972370504245,-120.14867979764684,-119.04309078311765
fire_24104639,2020,37.85927928490375,38.84377822233952,-114.83594668029495,-113.59025752618854
fire_24332700,2020,38.123071941624495,39.12341413051892,-122.74900304010292,-121.72169513906483
fire_24332803,2020,33.03580966490156,34.01206696599696,-111.5627069212378,-110.2797749700808
fire_24462882,2020,40.052023639803465,40.97693779542668,-106.46848549293922,-104.95640662917894
fire_24191979,2020,44.61848434747638,45.528464314362424,-106.54375349794718,-104.94483335706794
fire_25411825,2021,47.52579207912283,48.457854939427556,-109.34959061050058,-107.79745796477027
fire_25017384,2021,43.307262139316656,44.31232134407022,-121.60976700153871,-120.54241119352324
fire_25410960,2021,45.48359252632791,46.470266263153654,-116.6817611644878,-115.42463301250591
fire_25410445,2021,41.066518873596095,42.07623017970785,-123.86291686703993,-122.8564411890756
fire_25295089,2021,42.77865960583395,43.78192085692455,-123.17114847267537,-122.15338300744585
fire_25205354,2021,39.36186148242559,40.33047921068129,-111.88016342832672,-110.53276690339149
fire_25295923,2021,45.79078173794921,46.720695773958056,-108.48787978757984,-106.9308380639812
fire_25411013,2021,44.05941280612368,45.04186128226167,-115.83402965433233,-114.55948069697894
fire_25411821,2021,47.700239153931,48.69854820228474,-119.82264198917932,-118.66932135033937
fire_25410483,2021,40.800451139048086,41.809209915915794,-123.74832534696938,-122.74417495166233
fire_25411896,2021,45.182671461795096,46.11527954511583,-109.10029295763641,-107.57931894637657
fire_25548658,2021,45.6889430364734,46.65368891487372,-112.89615971299482,-111.50402554051546
fire_25294746,2021,38.22007282691174,39.2197654135206,-120.27274174170682,-119.17918052622137
fire_25205362,2021,39.26249963686494,40.21625085018228,-109.54183981407905,-108.13209973093228
fire_25295023,2021,45.37177473789569,46.364758853116044,-118.19333910223303,-116.99500939655856
fire_25295931,2021,45.35607341509868,46.28160229883438,-108.21368909260111,-106.65809186160799
fire_25204848,2021,35.70602568779309,36.70747667265973,-122.06038137862608,-121.01977980707134
fire_25295026,2021,45.36755098167217,46.34994635696015,-115.59802198979713,-114.31007930374956
fire_25205814,2021,44.72499577958612,45.66186663115127,-109.11307635375697,-107.60130672120827
fire_25204835,2021,37.1253256233155,38.10762636694066,-114.37717427954259,-113.12355662512863
fire_25411925,2021,41.06955216055155,41.963980910627775,-104.1581690768793,-102.55807388721144
fire_25295856,2021,47.10717685945181,48.03033760125438,-108.36383524722132,-106.77949234421247
fire_24935885,2021,36.17093772200753,37.17290536519374,-121.07506063053785,-120.00682044246273
fire_25204812,2021,41.21414099633198,42.21875866163167,-122.5541511582808,-121.52031158468435
fire_25295031,2021,45.04659127706393,46.03113284587924,-116.0207204026203,-114.74353840970382
fire_25295908,2021,46.01674711352421,46.94584367140401,-108.64107344560496,-107.08424890185968
fire_25295937,2021,45.31313192015329,46.23454366547826,-107.64569368010407,-106.07262943175026
fire_25294692,2021,40.21933397010916,41.22485884816831,-123.75511499652411,-122.74646572925614
fire_25411748,2021,48.2623336458707,49.26267970767064,-120.29327955213247,-119.16146301070864
fire_25017306,2021,45.79475812231405,46.78507115105509,-116.94093008269103,-115.69492503545516
fire_25295831,2021,47.85968213347851,48.85617414907395,-119.0858007406352,-117.90386645331692
fire_25295804,2021,48.27950198503153,49.25683534443986,-115.11381702921553,-113.7708790498494
fire_25295073,2021,43.928797724677636,44.93034418561059,-121.9504187096994,-120.8916068136369
fire_25295099,2021,42.118492552918326,43.12042053947191,-121.6043003998099,-120.53997126874997
fire_25205259,2021,44.57033460318719,45.57517095690392,-121.95783730871148,-120.89643862552903
fire_25411910,2021,45.040545601083245,45.98680558130531,-110.38335883418549,-108.91083621801322
fire_25295927,2021,45.69268601255358,46.64658682005893,-111.03525165221477,-109.57658638302655
fire_25204815,2021,40.971589824549696,41.97506760700492,-122.78755054595634,-121.76132512650749
fire_25205312,2021,40.18209967295027,41.11283803533693,-107.47817898354833,-105.99302065985718
fire_25204820,2021,40.41091824464394,41.41524658617191,-122.86887985171533,-121.8438143003145
fire_25017416,2021,42.123980666233614,43.12432685491644,-121.79018541580746,-120.7288163817606
fire_25295852,2021,47.18190990533075,48.16486260568442,-115.93751482328962,-114.64176645089894
fire_25410746,2021,35.19417682050599,36.189919219308806,-119.11379078227752,-117.99837891821052
fire_25410700,2021,38.2017662041479,39.204022553193006,-120.85578267941159,-119.77482041588188
fire_25410858,2021,46.312317725650985,47.31379198629573,-121.65738355012242,-120.58029952082109
fire_25205387,2021,38.984028352555775,39.92049731525723,-107.45737960753951,-105.9911543797239
fire_24935867,2021,37.43602253334353,38.435775852171936,-120.57692739644122,-119.49148934821919
fire_25138942,2021,32.98093118485514,33.942592110094715,-108.73726379583697,-107.38540739050286
fire_25295956,2021,44.24639783585381,45.209250801269185,-112.29897528121887,-110.90444685951694
fire_25205306,2021,40.22917025386298,41.161910795843816,-107.4540160241959,-105.9621629490953
fire_25639187,2021,33.99282953973819,34.99498171018548,-120.63845738537319,-119.56673400445659
fire_25205295,2021,40.51033798536155,41.46004456026354,-109.65670863899162,-108.22958453704044
fire_25295941,2021,45.15391473630604,46.13258388880595,-114.43309621221445,-113.10109641796957
fire_25294989,2021,45.86392724504053,46.8550603366213,-117.79345943070767,-116.5762040207546
fire_25205363,2021,39.259264108733376,40.22689718196802,-111.58913989637871,-110.23592975950004
fire_25548700,2021,42.14069718948033,43.030961851539594,-104.25201018551367,-102.63216471345388
fire_24935874,2021,37.34545931387281,38.347395527811976,-120.4486258748066,-119.36278528355406
fire_25294706,2021,39.771697970010365,40.77427732895349,-123.41304978132885,-122.39713009040577
fire_25205462,2021,37.97362904894155,38.930336756061884,-109.99288682564215,-108.60818150533832
fire_25411915,2021,44.4865471434075,45.41912855971061,-108.51074309579697,-106.9828216372364
fire_25410659,2021,39.6981097520994,40.70146146912731,-121.0201216450553,-119.938839677687
fire_25204869,2021,33.91237630206952,34.89114250818118,-112.30735254105419,-111.03512522681064
fire_25088018,2021,47.18071959793659,48.052533622221986,-104.16820602171653,-102.42963998325409
fire_25295862,2021,46.70210821258112,47.68479211098294,-116.15278164950693,-114.8693483561026
fire_25294691,2021,40.53762849181826,41.542056542010386,-123.6346918399424,-122.62833667552962
fire_25411777,2021,48.087910923477466,49.0886794002066,-120.33770497400083,-119.20574049880366
fire_25410985,2021,44.76099188678887,45.74419108579029,-115.66683974792394,-114.38116023448107
fire_25410996,2021,44.381730388664124,45.38557168288958,-122.54022372569264,-121.5022633678903
fire_25294983,2021,46.21354106350099,47.21412874487506,-120.92080463339666,-119.81715135764783
fire_25205336,2021,39.66780545196409,40.60310758108231,-107.4751308442398,-105.99903729932089
fire_25411057,2021,42.99145750697666,43.99436149259261,-123.1349367954039,-122.11763040398093
fire_25410444,2021,41.05807173750839,42.06129969502134,-122.40347182889695,-121.36534675789204
fire_25294757,2021,35.70909383929473,36.69401897561146,-114.4095573457805,-113.17120192083888
fire_25295857,2021,47.026391778937885,47.96776000733408,-110.40470725114785,-108.89851202679367
fire_25548063,2021,36.02272869970417,37.02255334164367,-119.24397236018763,-118.12528131304525
fire_25548446,2021,41.887102948789256,42.886545447316884,-121.02629181035086,-119.9431579329342
fire_25410907,2021,45.769705898839774,46.75790899389264,-116.78929342360064,-115.53648666479357
fire_25294999,2021,45.67058690056177,46.66756322311721,-118.23517455519521,-117.03989788203168
fire_25205255,2021,44.953389751409794,45.95688293756407,-121.49453341984419,-120.41746181297128
fire_25639646,2021,46.7074011710166,47.64969160517515,-110.2739168848562,-108.76568663203109
fire_25411795,2021,47.93114374646511,48.9266762867607,-119.00507793934639,-117.81984252933614
fire_25295127,2021,40.24409359965578,41.17879043274513,-107.53820785805482,-106.05107410592466
fire_25088019,2021,47.12021096603428,47.98293396209029,-103.46939487367317,-101.70783841316012
fire_25547912,2021,41.17154171635035,42.17254705945009,-122.17892070914867,-121.1309397058792
fire_25410883,2021,46.054504914931975,47.043692933733716,-117.13067090504802,-115.88671851224217
fire_25295843,2021,47.638431590672425,48.63587203584721,-119.44192484840937,-118.27752330174373
fire_25295808,2021,48.16356248488742,49.16497465589156,-120.71710251032124,-119.59610643350491
fire_25204868,2021,34.00369147440975,34.976481746472295,-111.25955027111621,-109.95886530649531
fire_25411893,2021,45.32893097488041,46.298208529579504,-113.8226198961689,-112.46671083297818
fire_25548074,2021,35.47914464089649,36.47845906532063,-119.14967051973127,-118.03421190565763
fire_25547988,2021,40.21823583032495,41.21853390148865,-122.79432904693041,-121.76676136197717
fire_25295951,2021,44.77382740823759,45.69384341321512,-107.53203658486483,-105.96631599065427
fire_25084892,2021,32.9365829019782,33.883659156956554,-106.53430571796981,-105.1329592708673
fire_25295816,2021,48.088081496022426,49.07211243705353,-116.5293269273438,-115.24538421213954
fire_25294714,2021,39.706359536436565,40.70866396916105,-121.5841489914261,-120.51996879333544
fire_25639315,2021,39.412643838123614,40.385218186004614,-112.34519629069284,-111.01122488275335
fire_25138947,2021,32.712208125100915,33.678379463517395,-109.13285297660526,-107.79773954975272
fire_25410972,2021,45.04599327347332,46.0326524466566,-116.40650639434658,-115.14566873936836
fire_25205260,2021,44.343395104908424,45.34456405754564,-121.57609639933,-120.50769757485705
fire_25410845,2021,47.45784838519045,48.45775342787798,-120.86725133153868,-119.76038343750697
fire_25411006,2021,44.20458273942844,45.18848594728774,-115.67558606488538,-114.39922744377861
fire_25410735,2021,35.805302112637015,36.80727083865884,-119.10078750883578,-117.98361061264097
fire_25086466,2021,46.702669543657834,47.578481590475555,-104.44972047529001,-102.73493782914008
fire_25204897,2021,32.99368761164264,33.95971719477593,-110.02498633879952,-108.7049045865292
fire_25294977,2021,46.93056791027214,47.9315757879271,-120.65181424768218,-119.53733031719293
fire_25295902,2021,46.05629396954735,47.01556259920911,-111.98449479232819,-110.55066036600425
fire_25204858,2021,35.0295055945971,36.004599339639846,-112.43599240899412,-111.15598815095483
fire_25086458,2021,47.643016982176924,48.53495351675874,-105.71403302881492,-104.02063068075792
fire_25411134,2021,41.72988489205661,42.733587919671145,-121.11677895246955,-120.03313707323481
fire_25411093,2021,42.59611417027769,43.5969122007971,-123.26663757372445,-122.2535466283496
fire_25295966,2021,41.25674360892624,42.163961811889436,-105.25539774136988,-103.68425451735536
fire_25548269,2021,45.368955176818574,46.349570505049215,-115.51641763485316,-114.21748297929196
fire_25411029,2021,43.63181825797862,44.627489316146054,-118.93877806429158,-117.77313801659015
fire_25294754,2021,36.83005170114422,37.8313853869332,-120.36916153249582,-119.28181615924947
fire_25295081,2021,43.46764181710583,44.47196243334268,-122.9320043185295,-121.90772643579804
fire_25205245,2021,45.980215017246046,46.97737936676532,-119.09949465548362,-117.93266615906674
fire_25411889,2021,45.27406528839311,46.18830431044,-107.29279006767126,-105.70714364006533
fire_25411827,2021,47.43235846179596,48.4263853547803,-118.31185787799205,-117.10517088935403
fire_25205936,2021,43.773004083061316,44.729089566634364,-111.46741123558618,-110.04981991562661
fire_25204859,2021,34.52668795314172,35.50597096301459,-112.64686074891668,-111.37858785135263
fire_25017323,2021,45.73586840892736,46.726377897321775,-116.97625068134558,-115.72744578306913
fire_25295938,2021,45.28647193571386,46.25996108152266,-113.88213855194793,-112.52769087265858
fire_25294991,2021,45.724404588494814,46.71803775415104,-117.9944344664724,-116.78398881704969
fire_25205954,2021,43.648148888730255,44.60106074460515,-111.07814617631367,-109.64881276524702
fire_25294687,2021,40.636663822284405,41.63894033210863,-123.39616010909006,-122.380135481747
fire_25294984,2021,46.22567451491348,47.22122179111775,-118.97512760531019,-117.80041604317877
fire_25411102,2021,42.41031490718829,43.41468033756612,-123.28863628669588,-122.26968486045459
fire_25411897,2021,45.18529981695099,46.104895113764286,-107.55195484313234,-105.97733430376971
fire_25295909,2021,45.98283211984966,46.964817727282934,-115.15760456875519,-113.84019985833058
fire_25295869,2021,46.6314738482744,47.590082849153774,-112.38187190224694,-110.95276585750594
fire_25410727,2021,36.80534385879156,37.79579440013601,-116.73688912494568,-115.55267521797123
fire_25205956,2021,43.61721031892993,44.57398937048528,-111.29795817370692,-109.87709095447678
fire_24936357,2021,35.87231309919599,36.814414073165366,-106.93606075356229,-105.50585415159554
fire_25295057,2021,44.67849569611524,45.656461617869375,-115.04332673753599,-113.73991145591947
fire_25138935,2021,33.610030378434395,34.59264760156956,-113.02417500174619,-111.76893583768955
fire_25411739,2021,48.28714191736267,49.28096148846788,-118.86104225017951,-117.66922676611163
fire_25411905,2021,45.09124382544995,46.06815672632764,-114.5426251127679,-113.21462766968595
fire_25138926,2021,36.57606424462421,37.56992999948528,-117.00241720608017,-115.82537519272843
fire_25205788,2021,45.88004916169949,46.83713127550362,-111.84087855124288,-110.40538703314338
fire_25205247,2021,45.48778903441474,46.480981490610766,-117.68914310539725,-116.46905221302612
fire_25205827,2021,44.60123412799926,45.546694577398306,-109.93699959057942,-108.45601546971835
fire_25295855,2021,47.12691488574379,48.11560491079869,-116.60771558331648,-115.33578894345861
fire_25548678,2021,45.08537443003993,46.06025553946088,-114.41959699035829,-113.08505229889624
fire_25548047,2021,36.074438785901265,37.07264729461363,-119.3871824142227,-118.2780080787864
fire_25410438,2021,42.40569078564911,43.412931108148086,-123.60760989696648,-122.59856939507817
fire_25294976,2021,47.01993175837173,48.0202753323705,-120.90943306300214,-119.80300607531187
fire_25295877,2021,46.514483673951716,47.46697356737598,-111.59744268745554,-110.14344656882066
fire_25294735,2021,39.43580750470478,40.43624244335955,-120.71822776034901,-119.63264856714373
fire_25411738,2021,48.27927887084494,49.27906150724398,-119.65542142930349,-118.49482275944258
fire_25295934,2021,45.2975287958752,46.272213506304,-113.72727236971,-112.36945462093146
fire_25204900,2021,32.76260386284136,33.73858719863054,-111.47514929083881,-110.19663461511993
fire_25548182,2021,46.43788388019011,47.44008329863822,-121.71776367445491,-120.64912003339886
fire_25295818,2021,48.01265566666924,49.013260175089044,-120.94503824646358,-119.83730188129678
fire_25295837,2021,47.83912834672419,48.827433038571975,-116.85132300335955,-115.58013720572443
fire_25294998,2021,45.536172130584546,46.52597164962223,-117.42999796783903,-116.19950829445368
fire_25204877,2021,33.67286922665765,34.653067800240436,-112.84795167215114,-111.58997937960851
